sl,sur_name,given_name,date_of_birth,sex,nationality,bd_exp,overseas_exp,language,mobile,email,application_id,nid_link,nid_no,passport_link,date_of_issue,date_of_expiry,passport_no,place_of_birth,resume_link,remarks,documents_link
1,Surname1,Given1,1995-01-01,Female,Bangladeshi,2 years,1 year,"Bangla, English",170000001,user1@example.com,APP-2026-1001,,NID1,Link,2020-01-01,2030-01-01,P1,Dhaka,Link,Sample data,Link
2,Surname2,Given2,1995-01-01,Male,Bangladeshi,2 years,1 year,"Bangla, English",170000002,user2@example.com,APP-2026-1002,,NID2,Link,2020-01-01,2030-01-01,P2,Dhaka,Link,Sample data,Link
3,Surname3,Given3,1995-01-01,Female,Bangladeshi,2 years,1 year,"Bangla, English",170000003,user3@example.com,APP-2026-1003,,NID3,Link,2020-01-01,2030-01-01,P3,Dhaka,Link,Sample data,Link
4,Surname4,Given4,1995-01-01,Male,Bangladeshi,2 years,1 year,"Bangla, English",170000004,user4@example.com,APP-2026-1004,,NID4,Link,2020-01-01,2030-01-01,P4,Dhaka,Link,Sample data,Link
5,Surname5,Given5,1995-01-01,Female,Bangladeshi,2 years,1 year,"Bangla, English",170000005,user5@example.com,APP-2026-1005,,NID5,Link,2020-01-01,2030-01-01,P5,Dhaka,Link,Sample data,Link
6,Surname6,Given6,1995-01-01,Male,Bangladeshi,2 years,1 year,"Bangla, English",170000006,user6@example.com,APP-2026-1006,,NID6,Link,2020-01-01,2030-01-01,P6,Dhaka,Link,Sample data,Link
7,Surname7,Given7,1995-01-01,Female,Bangladeshi,2 years,1 year,"Bangla, English",170000007,user7@example.com,APP-2026-1007,,NID7,Link,2020-01-01,2030-01-01,P7,Dhaka,Link,Sample data,Link
8,Surname8,Given8,1995-01-01,Male,Bangladeshi,2 years,1 year,"Bangla, English",170000008,user8@example.com,APP-2026-1008,,NID8,Link,2020-01-01,2030-01-01,P8,Dhaka,Link,Sample data,Link
9,Surname9,Given9,1995-01-01,Female,Bangladeshi,2 years,1 year,"Bangla, English",170000009,user9@example.com,APP-2026-1009,,NID9,Link,2020-01-01,2030-01-01,P9,Dhaka,Link,Sample data,Link
10,Surname10,Given10,1995-01-01,Male,Bangladeshi,2 years,1 year,"Bangla, English",1700000010,user10@example.com,APP-2026-1010,,NID10,Link,2020-01-01,2030-01-01,P10,Dhaka,Link,Sample data,Link